{
  "output_mode": "normal",
  "input": {
    "rgb_mean": [
      104.11061096191406,
      152.12783813476562,
      143.02928161621094
    ],
    "rgb_std": [
      64.65644836425781,
      24.39579963684082,
      36.184696197509766
    ]
  },
  "output": {},
  "column_order": [
    "R",
    "G",
    "B",
    "X_px",
    "Y_px",
    "nx",
    "ny"
  ]
}