{
  "output_mode": "normal",
  "input": {
    "rgb_mean": [
      116.4979019165039,
      140.24017333984375,
      116.9844741821289
    ],
    "rgb_std": [
      59.346588134765625,
      27.07958984375,
      37.894126892089844
    ]
  },
  "output": {},
  "column_order": [
    "R",
    "G",
    "B",
    "X_px",
    "Y_px",
    "nx",
    "ny"
  ]
}